Molecule,Smile,Structure,Total Energy [Eh],HOMO[Eh],HOMO-1[Eh],HOMO-2[Eh],LUMO[Eh],LUMO+1[Eh],            LUMO+2[Eh],dipole[Debye],quadrupole XX[Debye],quadrupole YY[Debye],quadrupole ZZ[Debye],quadrupole XY[Debye],            quadrupole XZ[Debye],quadrupole YZ[Debye],IsotropicQuad,hardness[Eh],electronegativity[Eh],electrophilicity[Eh],            Electron_donating_power[Eh],Electron_accepting_power[Eh],Net_electrophilicity[Eh]
agonist1.mol2,[NH3][C@H](C(=O)[O])CO,/home/amaranta/Maphi/NMDA/Results/agonist1.mol2outputs/molecule.png,-398.611909060168,-0.254568,-0.272802,-0.309639,-0.015122,0.041794,0.09017,5.85127,-36.31023,-30.69314,-29.45311,4.4469,-2.6123,1.62931,-32.15216,0.23944600000000002,-0.13484500000000002,0.0759385165131178,0.15832639151311778,0.02348139151311778,0.18180778302623557
agonist2.mol2,N[C@H](C(=O)O)C,/home/amaranta/Maphi/NMDA/Results/agonist2.mol2outputs/molecule.png,-323.458892374871,-0.245526,-0.291145,-0.293467,0.005661,0.053419,0.099604,6.2715,-27.23343,-26.36317,-27.9889,0.09975,0.25261,2.26417,-27.19517,0.251187,-0.1199325,0.057263331925020006,0.13292876942501997,0.012996269425020005,0.14592503885003996
agonist4.mol2,C1CCC(C1)(N)C(=O)O,/home/amaranta/Maphi/NMDA/Results/agonist4.mol2outputs/molecule.png,-440.080469507176,-0.240779,-0.286427,-0.290266,0.010381,0.042252,0.088174,6.36999,-39.58996,-48.68634,-38.29141,2.69174,-0.03664,1.22753,-42.18924,0.25116,-0.115199,0.05283806976031215,0.1261350697603122,0.010936069760312151,0.13707113952062433
antagonist3.mol2,c1c2c(cc(c1)Cl)[nH]c1c(c2=O)c(=O)[nH]n(c1=O)[C@H](c1ccccn1)CC,/home/amaranta/Maphi/NMDA/Results/antagonist3.mol2outputs/molecule.png,-1636.845906919546,-0.23521,-0.23603,-0.239481,-0.088869,-0.05641,-0.040791,6.17036,-126.17245,-124.10993,-116.32545,-14.37764,3.03422,10.89534,-122.20261,0.146341,-0.1620395,0.17942203183147581,0.2695880943314758,0.10754859433147584,0.37713668866295164
agonist5.mol2,O1C[C@H](C(=O)N1)[NH3],/home/amaranta/Maphi/NMDA/Results/agonist5.mol2outputs/molecule.png,-377.842475585847,-0.418791,-0.456705,-0.508986,-0.18869,-0.169594,-0.134469,7.16752,-16.1336,-29.67425,-21.91949,1.74374,-8.39297,1.29273,-22.57578,0.23010100000000003,-0.3037405,0.4009469378240425,0.5671985003240424,0.26345800032404243,0.8306565006480848